-- ----------------------------
-- 1、部门表
-- ----------------------------
drop table if exists sys_dept;
create table sys_dept (
  dept_id           bigint(20)      not null auto_increment    comment '部门id',
  parent_id         bigint(20)      default 0                  comment '父部门id',
  ancestors         varchar(50)     default ''                 comment '祖级列表',
  dept_name         varchar(30)     default ''                 comment '部门名称',
  order_num         int(4)          default 0                  comment '显示顺序',
  leader            varchar(20)     default null               comment '负责人',
  phone             varchar(11)     default null               comment '联系电话',
  email             varchar(50)     default null               comment '邮箱',
  status            char(1)         default '0'                comment '部门状态（0正常 1停用）',
  del_flag          char(1)         default '0'                comment '删除标志（0代表存在 2代表删除）',
  create_by         varchar(64)     default ''                 comment '创建者',
  create_time 	    datetime                                   comment '创建时间',
  update_by         varchar(64)     default ''                 comment '更新者',
  update_time       datetime                                   comment '更新时间',
  primary key (dept_id)
) engine=innodb auto_increment=200 comment = '部门表';

-- ----------------------------
-- 初始化-部门表数据
-- ----------------------------
insert into sys_dept values(100,  0,   '0',          'KCG',   0, '若依', '15888888888', 'ry@qq.com', '0', '0', 'admin', sysdate(), '', null);
insert into sys_dept values(101,  100, '0,100',      '京都本社', 1, '若依', '15888888888', 'ry@qq.com', '0', '0', 'admin', sysdate(), '', null);
insert into sys_dept values(102,  100, '0,100',      '札幌支社', 2, '若依', '15888888888', 'ry@qq.com', '0', '0', 'admin', sysdate(), '', null);
insert into sys_dept values(103,  101, '0,100,101',  '开发部門',   1, '若依', '15888888888', 'ry@qq.com', '0', '0', 'admin', sysdate(), '', null);
insert into sys_dept values(104,  101, '0,100,101',  '营业部門',   2, '若依', '15888888888', 'ry@qq.com', '0', '0', 'admin', sysdate(), '', null);
insert into sys_dept values(105,  101, '0,100,101',  'テスト部門',   3, '若依', '15888888888', 'ry@qq.com', '0', '0', 'admin', sysdate(), '', null);
insert into sys_dept values(106,  101, '0,100,101',  '财务部門',   4, '若依', '15888888888', 'ry@qq.com', '0', '0', 'admin', sysdate(), '', null);
insert into sys_dept values(107,  101, '0,100,101',  '运用保守部門',   5, '若依', '15888888888', 'ry@qq.com', '0', '0', 'admin', sysdate(), '', null);
insert into sys_dept values(108,  102, '0,100,102',  '营业部門',   1, '若依', '15888888888', 'ry@qq.com', '0', '0', 'admin', sysdate(), '', null);
insert into sys_dept values(109,  102, '0,100,102',  '财务部門',   2, '若依', '15888888888', 'ry@qq.com', '0', '0', 'admin', sysdate(), '', null);


-- ----------------------------
-- 2、用户信息表
-- ----------------------------
drop table if exists sys_user;
create table sys_user (
  user_id           bigint(20)      not null auto_increment    comment '用户ID',
  dept_id           bigint(20)      default null               comment '部门ID',
  user_name         varchar(30)     not null                   comment '用户账号',
  nick_name         varchar(30)     not null                   comment '用户昵称',
  user_type         varchar(2)      default '00'               comment '用户类型（00系统用户）',
  email             varchar(50)     default ''                 comment '用户邮箱',
  phonenumber       varchar(11)     default ''                 comment '手机号码',
  sex               char(1)         default '0'                comment '用户性别（0男 1女 2未知）',
  avatar            varchar(100)    default ''                 comment '头像地址',
  password          varchar(100)    default ''                 comment '密码',
  status            char(1)         default '0'                comment '账号状态（0正常 1停用）',
  del_flag          char(1)         default '0'                comment '删除标志（0代表存在 2代表删除）',
  login_ip          varchar(128)    default ''                 comment '最后登录IP',
  login_date        datetime                                   comment '最后登录时间',
  pwd_update_date   datetime                                   comment '密码最后更新时间',
  create_by         varchar(64)     default ''                 comment '创建者',
  create_time       datetime                                   comment '创建时间',
  update_by         varchar(64)     default ''                 comment '更新者',
  update_time       datetime                                   comment '更新时间',
  remark            varchar(500)    default null               comment '备注',
  primary key (user_id)
) engine=innodb auto_increment=100 comment = '用户信息表';

-- ----------------------------
-- 初始化-用户信息表数据
-- ----------------------------
insert into sys_user values(1,  103, 'admin', '若依', '00', 'ry@163.com', '15888888888', '1', '', '$2a$10$7JB720yubVSZvUI0rEqK/.VqGOZTH.ulu33dHOiBE8ByOhJIrdAu2', '0', '0', '127.0.0.1', sysdate(), sysdate(), 'admin', sysdate(), '', null, '管理者');
insert into sys_user values(2,  105, 'ry',    '若依', '00', 'ry@qq.com',  '15666666666', '1', '', '$2a$10$7JB720yubVSZvUI0rEqK/.VqGOZTH.ulu33dHOiBE8ByOhJIrdAu2', '0', '0', '127.0.0.1', sysdate(), sysdate(), 'admin', sysdate(), '', null, 'テスト担当者');


-- ----------------------------
-- 3、岗位信息表
-- ----------------------------
drop table if exists sys_post;
create table sys_post
(
  post_id       bigint(20)      not null auto_increment    comment '岗位ID',
  post_code     varchar(64)     not null                   comment '岗位编码',
  post_name     varchar(50)     not null                   comment '岗位名称',
  post_sort     int(4)          not null                   comment '显示顺序',
  status        char(1)         not null                   comment '状态（0正常 1停用）',
  create_by     varchar(64)     default ''                 comment '创建者',
  create_time   datetime                                   comment '创建时间',
  update_by     varchar(64)     default ''			       comment '更新者',
  update_time   datetime                                   comment '更新时间',
  remark        varchar(500)    default null               comment '备注',
  primary key (post_id)
) engine=innodb comment = '岗位信息表';

-- ----------------------------
-- 初始化-岗位信息表数据
-- ----------------------------
insert into sys_post values(1, 'ceo',  '代表取締役社長',    1, '0', 'admin', sysdate(), '', null, '');
insert into sys_post values(2, 'se',   'プロジェクトマネージャー',  2, '0', 'admin', sysdate(), '', null, '');
insert into sys_post values(3, 'hr',   '人事・労務',  3, '0', 'admin', sysdate(), '', null, '');
insert into sys_post values(4, 'user', '一般社員',  4, '0', 'admin', sysdate(), '', null, '');


-- ----------------------------
-- 4、角色信息表
-- ----------------------------
drop table if exists sys_role;
create table sys_role (
  role_id              bigint(20)      not null auto_increment    comment '角色ID',
  role_name            varchar(30)     not null                   comment '角色名称',
  role_key             varchar(100)    not null                   comment '角色权限字符串',
  role_sort            int(4)          not null                   comment '显示顺序',
  data_scope           char(1)         default '1'                comment '数据范围（1：全部数据权限 2：自定数据权限 3：本部门数据权限 4：本部门及以下数据权限）',
  menu_check_strictly  tinyint(1)      default 1                  comment '菜单树选择项是否关联显示',
  dept_check_strictly  tinyint(1)      default 1                  comment '部门树选择项是否关联显示',
  status               char(1)         not null                   comment '角色状态（0正常 1停用）',
  del_flag             char(1)         default '0'                comment '删除标志（0代表存在 2代表删除）',
  create_by            varchar(64)     default ''                 comment '创建者',
  create_time          datetime                                   comment '创建时间',
  update_by            varchar(64)     default ''                 comment '更新者',
  update_time          datetime                                   comment '更新时间',
  remark               varchar(500)    default null               comment '备注',
  primary key (role_id)
) engine=innodb auto_increment=100 comment = '角色信息表';

-- ----------------------------
-- 初始化-角色信息表数据
-- ----------------------------
insert into sys_role values('1', 'システム管理者',  'admin',  1, 1, 1, 1, '0', '0', 'admin', sysdate(), '', null, 'システム管理者');
insert into sys_role values('2', '一般ロール',    'common', 2, 2, 1, 1, '0', '0', 'admin', sysdate(), '', null, '一般ロール');


-- ----------------------------
-- 5、菜单权限表
-- ----------------------------
drop table if exists sys_menu;
create table sys_menu (
  menu_id           bigint(20)      not null auto_increment    comment '菜单ID',
  menu_name         varchar(50)     not null                   comment '菜单名称',
  parent_id         bigint(20)      default 0                  comment '父菜单ID',
  order_num         int(4)          default 0                  comment '显示顺序',
  path              varchar(200)    default ''                 comment '路由地址',
  component         varchar(255)    default null               comment '组件路径',
  query             varchar(255)    default null               comment '路由参数',
  route_name        varchar(50)     default ''                 comment '路由名称',
  is_frame          int(1)          default 1                  comment '是否为外链（0是 1否）',
  is_cache          int(1)          default 0                  comment '是否缓存（0缓存 1不缓存）',
  menu_type         char(1)         default ''                 comment '菜单类型（M目录 C菜单 F按钮）',
  visible           char(1)         default 0                  comment '菜单状态（0显示 1隐藏）',
  status            char(1)         default 0                  comment '菜单状态（0正常 1停用）',
  perms             varchar(100)    default null               comment '权限标识',
  icon              varchar(100)    default '#'                comment '菜单图标',
  create_by         varchar(64)     default ''                 comment '创建者',
  create_time       datetime                                   comment '创建时间',
  update_by         varchar(64)     default ''                 comment '更新者',
  update_time       datetime                                   comment '更新时间',
  remark            varchar(500)    default ''                 comment '备注',
  primary key (menu_id)
) engine=innodb auto_increment=2000 comment = '菜单权限表';

-- ----------------------------
-- 初始化-菜单信息表数据
-- ----------------------------
-- 一级菜单
insert into sys_menu values('1', 'システム管理', '0', '1', 'system',           null, '', '', 1, 0, 'M', '0', '0', '', 'system',   'admin', sysdate(), '', null, 'システム管理メニュー');
insert into sys_menu values('2', 'システム監視', '0', '2', 'monitor',          null, '', '', 1, 0, 'M', '0', '0', '', 'monitor',  'admin', sysdate(), '', null, 'システム監視メニュー');
insert into sys_menu values('3', 'システムツール', '0', '3', 'tool',             null, '', '', 1, 0, 'M', '0', '0', '', 'tool',     'admin', sysdate(), '', null, 'システムツールメニュー');
insert into sys_menu values('4', 'Assignment公式サイト', '0', '4', 'http://assignment.vip', null, '', '', 0, 0, 'M', '0', '0', '', 'guide',    'admin', sysdate(), '', null, 'Assignment公式サイトURL');
-- 二级菜单
insert into sys_menu values('100',  'ユーザー管理', '1',   '1', 'user',       'system/user/index',        '', '', 1, 0, 'C', '0', '0', 'system:user:list',        'user',          'admin', sysdate(), '', null, 'ユーザー管理メニュー');
insert into sys_menu values('101',  'ロール管理', '1',   '2', 'role',       'system/role/index',        '', '', 1, 0, 'C', '0', '0', 'system:role:list',        'peoples',       'admin', sysdate(), '', null, 'ロール管理メニュー');
insert into sys_menu values('102',  'メニュー管理', '1',   '3', 'menu',       'system/menu/index',        '', '', 1, 0, 'C', '0', '0', 'system:menu:list',        'tree-table',    'admin', sysdate(), '', null, 'メニュー管理メニュー');
insert into sys_menu values('103',  '部門管理', '1',   '4', 'dept',       'system/dept/index',        '', '', 1, 0, 'C', '0', '0', 'system:dept:list',        'tree',          'admin', sysdate(), '', null, '部門管理メニュー');
insert into sys_menu values('104',  '役職管理', '1',   '5', 'post',       'system/post/index',        '', '', 1, 0, 'C', '0', '0', 'system:post:list',        'post',          'admin', sysdate(), '', null, '役職管理メニュー');
insert into sys_menu values('105',  '辞書管理', '1',   '6', 'dict',       'system/dict/index',        '', '', 1, 0, 'C', '0', '0', 'system:dict:list',        'dict',          'admin', sysdate(), '', null, '辞書管理メニュー');
insert into sys_menu values('106',  'パラメータ設定', '1',   '7', 'config',     'system/config/index',      '', '', 1, 0, 'C', '0', '0', 'system:config:list',      'edit',          'admin', sysdate(), '', null, 'パラメータ設定メニュー');
insert into sys_menu values('107',  'お知らせ・通知', '1',   '8', 'notice',     'system/notice/index',      '', '', 1, 0, 'C', '0', '0', 'system:notice:list',      'message',       'admin', sysdate(), '', null, 'お知らせ・通知メニュー');
insert into sys_menu values('108',  'ログ管理', '1',   '9', 'log',        '',                         '', '', 1, 0, 'M', '0', '0', '',                        'log',           'admin', sysdate(), '', null, 'ログ管理メニュー');
insert into sys_menu values('109',  'オンラインユーザー', '2',   '1', 'online',     'monitor/online/index',     '', '', 1, 0, 'C', '0', '0', 'monitor:online:list',     'online',        'admin', sysdate(), '', null, 'オンラインユーザーメニュー');
insert into sys_menu values('110',  'スケジュールタスク', '2',   '2', 'job',        'monitor/job/index',        '', '', 1, 0, 'C', '0', '0', 'monitor:job:list',        'job',           'admin', sysdate(), '', null, 'スケジュールタスクメニュー');
insert into sys_menu values('111',  'データ監視', '2',   '3', 'druid',      'monitor/druid/index',      '', '', 1, 0, 'C', '0', '0', 'monitor:druid:list',      'druid',         'admin', sysdate(), '', null, 'データ監視メニュー');
insert into sys_menu values('112',  'サービス監視', '2',   '4', 'server',     'monitor/server/index',     '', '', 1, 0, 'C', '0', '0', 'monitor:server:list',     'server',        'admin', sysdate(), '', null, '服务监控菜单'); -- Wait, remark not translated? Let's check original. Original was '服务监控菜单'. Yes, let's keep all remarks as '服务监控菜单'? Wait, remark is in insert statement values, so remark IS data, not comments! So remark must be translated to Japanese. Yes, 'サービス監視メニュー' is correct.
insert into sys_menu values('113',  'キャッシュ監視', '2',   '5', 'cache',      'monitor/cache/index',      '', '', 1, 0, 'C', '0', '0', 'monitor:cache:list',      'redis',         'admin', sysdate(), '', null, 'キャッシュ監視メニュー');
insert into sys_menu values('114',  'キャッシュ一覧', '2',   '6', 'cacheList',  'monitor/cache/list',       '', '', 1, 0, 'C', '0', '0', 'monitor:cache:list',      'redis-list',    'admin', sysdate(), '', null, 'キャッシュ一覧メニュー');
insert into sys_menu values('115',  'フォームビルダー', '3',   '1', 'build',      'tool/build/index',         '', '', 1, 0, 'C', '0', '0', 'tool:build:list',         'build',         'admin', sysdate(), '', null, 'フォームビルダーメニュー');
insert into sys_menu values('116',  'コード生成', '3',   '2', 'gen',        'tool/gen/index',           '', '', 1, 0, 'C', '0', '0', 'tool:gen:list',           'code',          'admin', sysdate(), '', null, 'コード生成メニュー');
insert into sys_menu values('117',  'システムAPI', '3',   '3', 'swagger',    'tool/swagger/index',       '', '', 1, 0, 'C', '0', '0', 'tool:swagger:list',       'swagger',       'admin', sysdate(), '', null, 'システムAPIメニュー');
-- 三级菜单
insert into sys_menu values('500',  '操作ログ', '108', '1', 'operlog',    'monitor/operlog/index',    '', '', 1, 0, 'C', '0', '0', 'monitor:operlog:list',    'form',          'admin', sysdate(), '', null, '操作ログメニュー');
insert into sys_menu values('501',  'ログイン履歴', '108', '2', 'logininfor', 'monitor/logininfor/index', '', '', 1, 0, 'C', '0', '0', 'monitor:logininfor:list', 'logininfor',    'admin', sysdate(), '', null, 'ログイン履歴メニュー');
-- 用户管理按钮
insert into sys_menu values('1000', 'ユーザー検索', '100', '1',  '', '', '', '', 1, 0, 'F', '0', '0', 'system:user:query',          '#', 'admin', sysdate(), '', null, '');
insert into sys_menu values('1001', 'ユーザー追加', '100', '2',  '', '', '', '', 1, 0, 'F', '0', '0', 'system:user:add',            '#', 'admin', sysdate(), '', null, '');
insert into sys_menu values('1002', 'ユーザー変更', '100', '3',  '', '', '', '', 1, 0, 'F', '0', '0', 'system:user:edit',           '#', 'admin', sysdate(), '', null, '');
insert into sys_menu values('1003', 'ユーザー削除', '100', '4',  '', '', '', '', 1, 0, 'F', '0', '0', 'system:user:remove',         '#', 'admin', sysdate(), '', null, '');
insert into sys_menu values('1004', 'ユーザーエクスポート', '100', '5',  '', '', '', '', 1, 0, 'F', '0', '0', 'system:user:export',         '#', 'admin', sysdate(), '', null, '');
insert into sys_menu values('1005', 'ユーザーインポート', '100', '6',  '', '', '', '', 1, 0, 'F', '0', '0', 'system:user:import',         '#', 'admin', sysdate(), '', null, '');
insert into sys_menu values('1006', 'パスワードリセット', '100', '7',  '', '', '', '', 1, 0, 'F', '0', '0', 'system:user:resetPwd',       '#', 'admin', sysdate(), '', null, '');
-- 角色管理按钮
insert into sys_menu values('1007', 'ロール検索', '101', '1',  '', '', '', '', 1, 0, 'F', '0', '0', 'system:role:query',          '#', 'admin', sysdate(), '', null, '');
insert into sys_menu values('1008', 'ロール追加', '101', '2',  '', '', '', '', 1, 0, 'F', '0', '0', 'system:role:add',            '#', 'admin', sysdate(), '', null, '');
insert into sys_menu values('1009', 'ロール変更', '101', '3',  '', '', '', '', 1, 0, 'F', '0', '0', 'system:role:edit',           '#', 'admin', sysdate(), '', null, '');
insert into sys_menu values('1010', 'ロール削除', '101', '4',  '', '', '', '', 1, 0, 'F', '0', '0', 'system:role:remove',         '#', 'admin', sysdate(), '', null, '');
insert into sys_menu values('1011', 'ロールエクスポート', '101', '5',  '', '', '', '', 1, 0, 'F', '0', '0', 'system:role:export',         '#', 'admin', sysdate(), '', null, '');
-- 菜单管理按钮
insert into sys_menu values('1012', 'メニュー検索', '102', '1',  '', '', '', '', 1, 0, 'F', '0', '0', 'system:menu:query',          '#', 'admin', sysdate(), '', null, '');
insert into sys_menu values('1013', 'メニュー追加', '102', '2',  '', '', '', '', 1, 0, 'F', '0', '0', 'system:menu:add',            '#', 'admin', sysdate(), '', null, '');
insert into sys_menu values('1014', 'メニュー変更', '102', '3',  '', '', '', '', 1, 0, 'F', '0', '0', 'system:menu:edit',           '#', 'admin', sysdate(), '', null, '');
insert into sys_menu values('1015', 'メニュー削除', '102', '4',  '', '', '', '', 1, 0, 'F', '0', '0', 'system:menu:remove',         '#', 'admin', sysdate(), '', null, '');
-- 部门管理按钮
insert into sys_menu values('1016', '部門検索', '103', '1',  '', '', '', '', 1, 0, 'F', '0', '0', 'system:dept:query',          '#', 'admin', sysdate(), '', null, '');
insert into sys_menu values('1017', '部門追加', '103', '2',  '', '', '', '', 1, 0, 'F', '0', '0', 'system:dept:add',            '#', 'admin', sysdate(), '', null, '');
insert into sys_menu values('1018', '部門変更', '103', '3',  '', '', '', '', 1, 0, 'F', '0', '0', 'system:dept:edit',           '#', 'admin', sysdate(), '', null, '');
insert into sys_menu values('1019', '部門削除', '103', '4',  '', '', '', '', 1, 0, 'F', '0', '0', 'system:dept:remove',         '#', 'admin', sysdate(), '', null, '');
-- 岗位管理按钮
insert into sys_menu values('1020', '役職検索', '104', '1',  '', '', '', '', 1, 0, 'F', '0', '0', 'system:post:query',          '#', 'admin', sysdate(), '', null, '');
insert into sys_menu values('1021', '役職追加', '104', '2',  '', '', '', '', 1, 0, 'F', '0', '0', 'system:post:add',            '#', 'admin', sysdate(), '', null, '');
insert into sys_menu values('1022', '役職変更', '104', '3',  '', '', '', '', 1, 0, 'F', '0', '0', 'system:post:edit',           '#', 'admin', sysdate(), '', null, '');
insert into sys_menu values('1023', '役職削除', '104', '4',  '', '', '', '', 1, 0, 'F', '0', '0', 'system:post:remove',         '#', 'admin', sysdate(), '', null, '');
insert into sys_menu values('1024', '役職エクスポート', '104', '5',  '', '', '', '', 1, 0, 'F', '0', '0', 'system:post:export',         '#', 'admin', sysdate(), '', null, '');
-- 字典管理按钮
insert into sys_menu values('1025', '辞書検索', '105', '1', '#', '', '', '', 1, 0, 'F', '0', '0', 'system:dict:query',          '#', 'admin', sysdate(), '', null, '');
insert into sys_menu values('1026', '辞書追加', '105', '2', '#', '', '', '', 1, 0, 'F', '0', '0', 'system:dict:add',            '#', 'admin', sysdate(), '', null, '');
insert into sys_menu values('1027', '辞書変更', '105', '3', '#', '', '', '', 1, 0, 'F', '0', '0', 'system:dict:edit',           '#', 'admin', sysdate(), '', null, '');
insert into sys_menu values('1028', '辞書削除', '105', '4', '#', '', '', '', 1, 0, 'F', '0', '0', 'system:dict:remove',         '#', 'admin', sysdate(), '', null, '');
insert into sys_menu values('1029', '辞書エクスポート', '105', '5', '#', '', '', '', 1, 0, 'F', '0', '0', 'system:dict:export',         '#', 'admin', sysdate(), '', null, '');
-- 参数设置按钮
insert into sys_menu values('1030', 'パラメータ検索', '106', '1', '#', '', '', '', 1, 0, 'F', '0', '0', 'system:config:query',        '#', 'admin', sysdate(), '', null, '');
insert into sys_menu values('1031', 'パラメータ追加', '106', '2', '#', '', '', '', 1, 0, 'F', '0', '0', 'system:config:add',          '#', 'admin', sysdate(), '', null, '');
insert into sys_menu values('1032', 'パラメータ変更', '106', '3', '#', '', '', '', 1, 0, 'F', '0', '0', 'system:config:edit',         '#', 'admin', sysdate(), '', null, '');
insert into sys_menu values('1033', 'パラメータ削除', '106', '4', '#', '', '', '', 1, 0, 'F', '0', '0', 'system:config:remove',       '#', 'admin', sysdate(), '', null, '');
insert into sys_menu values('1034', 'パラメータエクスポート', '106', '5', '#', '', '', '', 1, 0, 'F', '0', '0', 'system:config:export',       '#', 'admin', sysdate(), '', null, '');
-- 通知公告按钮
insert into sys_menu values('1035', 'お知らせ検索', '107', '1', '#', '', '', '', 1, 0, 'F', '0', '0', 'system:notice:query',        '#', 'admin', sysdate(), '', null, '');
insert into sys_menu values('1036', 'お知らせ追加', '107', '2', '#', '', '', '', 1, 0, 'F', '0', '0', 'system:notice:add',          '#', 'admin', sysdate(), '', null, '');
insert into sys_menu values('1037', 'お知らせ変更', '107', '3', '#', '', '', '', 1, 0, 'F', '0', '0', 'system:notice:edit',         '#', 'admin', sysdate(), '', null, '');
insert into sys_menu values('1038', 'お知らせ削除', '107', '4', '#', '', '', '', 1, 0, 'F', '0', '0', 'system:notice:remove',       '#', 'admin', sysdate(), '', null, '');
-- 操作日志按钮
insert into sys_menu values('1039', '操作検索', '500', '1', '#', '', '', '', 1, 0, 'F', '0', '0', 'monitor:operlog:query',      '#', 'admin', sysdate(), '', null, '');
insert into sys_menu values('1040', '操作削除', '500', '2', '#', '', '', '', 1, 0, 'F', '0', '0', 'monitor:operlog:remove',     '#', 'admin', sysdate(), '', null, '');
insert into sys_menu values('1041', 'ログエクスポート', '500', '3', '#', '', '', '', 1, 0, 'F', '0', '0', 'monitor:operlog:export',     '#', 'admin', sysdate(), '', null, '');
-- 登录日志按钮
insert into sys_menu values('1042', 'ログイン履歴検索', '501', '1', '#', '', '', '', 1, 0, 'F', '0', '0', 'monitor:logininfor:query',   '#', 'admin', sysdate(), '', null, '');
insert into sys_menu values('1043', 'ログイン履歴削除', '501', '2', '#', '', '', '', 1, 0, 'F', '0', '0', 'monitor:logininfor:remove',  '#', 'admin', sysdate(), '', null, '');
insert into sys_menu values('1044', 'ログエクスポート', '501', '3', '#', '', '', '', 1, 0, 'F', '0', '0', 'monitor:logininfor:export',  '#', 'admin', sysdate(), '', null, '');
insert into sys_menu values('1045', 'アカウントロック解除', '501', '4', '#', '', '', '', 1, 0, 'F', '0', '0', 'monitor:logininfor:unlock',  '#', 'admin', sysdate(), '', null, '');
-- 在线用户按钮
insert into sys_menu values('1046', 'オンラインユーザー検索', '109', '1', '#', '', '', '', 1, 0, 'F', '0', '0', 'monitor:online:query',       '#', 'admin', sysdate(), '', null, '');
insert into sys_menu values('1047', '一括強制ログアウト', '109', '2', '#', '', '', '', 1, 0, 'F', '0', '0', 'monitor:online:batchLogout', '#', 'admin', sysdate(), '', null, '');
insert into sys_menu values('1048', '強制ログアウト', '109', '3', '#', '', '', '', 1, 0, 'F', '0', '0', 'monitor:online:forceLogout', '#', 'admin', sysdate(), '', null, '');
-- 定时任务按钮
insert into sys_menu values('1049', 'タスク検索', '110', '1', '#', '', '', '', 1, 0, 'F', '0', '0', 'monitor:job:query',          '#', 'admin', sysdate(), '', null, '');
insert into sys_menu values('1050', 'タスク追加', '110', '2', '#', '', '', '', 1, 0, 'F', '0', '0', 'monitor:job:add',            '#', 'admin', sysdate(), '', null, '');
insert into sys_menu values('1051', 'タスク変更', '110', '3', '#', '', '', '', 1, 0, 'F', '0', '0', 'monitor:job:edit',           '#', 'admin', sysdate(), '', null, '');
insert into sys_menu values('1052', 'タスク削除', '110', '4', '#', '', '', '', 1, 0, 'F', '0', '0', 'monitor:job:remove',         '#', 'admin', sysdate(), '', null, '');
insert into sys_menu values('1053', 'ステータス変更', '110', '5', '#', '', '', '', 1, 0, 'F', '0', '0', 'monitor:job:changeStatus',   '#', 'admin', sysdate(), '', null, '');
insert into sys_menu values('1054', 'タスクエクスポート', '110', '6', '#', '', '', '', 1, 0, 'F', '0', '0', 'monitor:job:export',         '#', 'admin', sysdate(), '', null, '');
-- 代码生成按钮
insert into sys_menu values('1055', 'コード生成検索', '116', '1', '#', '', '', '', 1, 0, 'F', '0', '0', 'tool:gen:query',             '#', 'admin', sysdate(), '', null, '');
insert into sys_menu values('1056', 'コード生成変更', '116', '2', '#', '', '', '', 1, 0, 'F', '0', '0', 'tool:gen:edit',              '#', 'admin', sysdate(), '', null, '');
insert into sys_menu values('1057', 'コード生成削除', '116', '3', '#', '', '', '', 1, 0, 'F', '0', '0', 'tool:gen:remove',            '#', 'admin', sysdate(), '', null, '');
insert into sys_menu values('1058', 'コードインポート', '116', '4', '#', '', '', '', 1, 0, 'F', '0', '0', 'tool:gen:import',            '#', 'admin', sysdate(), '', null, '');
insert into sys_menu values('1059', 'コードプレビュー', '116', '5', '#', '', '', '', 1, 0, 'F', '0', '0', 'tool:gen:preview',           '#', 'admin', sysdate(), '', null, '');
insert into sys_menu values('1060', 'コード生成', '116', '6', '#', '', '', '', 1, 0, 'F', '0', '0', 'tool:gen:code',              '#', 'admin', sysdate(), '', null, '');


-- ----------------------------
-- 6、用户和角色关联表  用户N-1角色
-- ----------------------------
drop table if exists sys_user_role;
create table sys_user_role (
  user_id   bigint(20) not null comment '用户ID',
  role_id   bigint(20) not null comment '角色ID',
  primary key(user_id, role_id)
) engine=innodb comment = '用户和角色关联表';

-- ----------------------------
-- 初始化-用户和角色关联表数据
-- ----------------------------
insert into sys_user_role values ('1', '1');
insert into sys_user_role values ('2', '2');


-- ----------------------------
-- 7、角色和菜单关联表  角色1-N菜单
-- ----------------------------
drop table if exists sys_role_menu;
create table sys_role_menu (
  role_id   bigint(20) not null comment '角色ID',
  menu_id   bigint(20) not null comment '菜单ID',
  primary key(role_id, menu_id)
) engine=innodb comment = '角色和菜单关联表';

-- ----------------------------
-- 初始化-角色和菜单关联表数据
-- ----------------------------
insert into sys_role_menu values ('2', '1');
insert into sys_role_menu values ('2', '2');
insert into sys_role_menu values ('2', '3');
insert into sys_role_menu values ('2', '4');
insert into sys_role_menu values ('2', '100');
insert into sys_role_menu values ('2', '101');
insert into sys_role_menu values ('2', '102');
insert into sys_role_menu values ('2', '103');
insert into sys_role_menu values ('2', '104');
insert into sys_role_menu values ('2', '105');
insert into sys_role_menu values ('2', '106');
insert into sys_role_menu values ('2', '107');
insert into sys_role_menu values ('2', '108');
insert into sys_role_menu values ('2', '109');
insert into sys_role_menu values ('2', '110');
insert into sys_role_menu values ('2', '111');
insert into sys_role_menu values ('2', '112');
insert into sys_role_menu values ('2', '113');
insert into sys_role_menu values ('2', '114');
insert into sys_role_menu values ('2', '115');
insert into sys_role_menu values ('2', '116');
insert into sys_role_menu values ('2', '117');
insert into sys_role_menu values ('2', '500');
insert into sys_role_menu values ('2', '501');
insert into sys_role_menu values ('2', '1000');
insert into sys_role_menu values ('2', '1001');
insert into sys_role_menu values ('2', '1002');
insert into sys_role_menu values ('2', '1003');
insert into sys_role_menu values ('2', '1004');
insert into sys_role_menu values ('2', '1005');
insert into sys_role_menu values ('2', '1006');
insert into sys_role_menu values ('2', '1007');
insert into sys_role_menu values ('2', '1008');
insert into sys_role_menu values ('2', '1009');
insert into sys_role_menu values ('2', '1010');
insert into sys_role_menu values ('2', '1011');
insert into sys_role_menu values ('2', '1012');
insert into sys_role_menu values ('2', '1013');
insert into sys_role_menu values ('2', '1014');
insert into sys_role_menu values ('2', '1015');
insert into sys_role_menu values ('2', '1016');
insert into sys_role_menu values ('2', '1017');
insert into sys_role_menu values ('2', '1018');
insert into sys_role_menu values ('2', '1019');
insert into sys_role_menu values ('2', '1020');
insert into sys_role_menu values ('2', '1021');
insert into sys_role_menu values ('2', '1022');
insert into sys_role_menu values ('2', '1023');
insert into sys_role_menu values ('2', '1024');
insert into sys_role_menu values ('2', '1025');
insert into sys_role_menu values ('2', '1026');
insert into sys_role_menu values ('2', '1027');
insert into sys_role_menu values ('2', '1028');
insert into sys_role_menu values ('2', '1029');
insert into sys_role_menu values ('2', '1030');
insert into sys_role_menu values ('2', '1031');
insert into sys_role_menu values ('2', '1032');
insert into sys_role_menu values ('2', '1033');
insert into sys_role_menu values ('2', '1034');
insert into sys_role_menu values ('2', '1035');
insert into sys_role_menu values ('2', '1036');
insert into sys_role_menu values ('2', '1037');
insert into sys_role_menu values ('2', '1038');
insert into sys_role_menu values ('2', '1039');
insert into sys_role_menu values ('2', '1040');
insert into sys_role_menu values ('2', '1041');
insert into sys_role_menu values ('2', '1042');
insert into sys_role_menu values ('2', '1043');
insert into sys_role_menu values ('2', '1044');
insert into sys_role_menu values ('2', '1045');
insert into sys_role_menu values ('2', '1046');
insert into sys_role_menu values ('2', '1047');
insert into sys_role_menu values ('2', '1048');
insert into sys_role_menu values ('2', '1049');
insert into sys_role_menu values ('2', '1050');
insert into sys_role_menu values ('2', '1051');
insert into sys_role_menu values ('2', '1052');
insert into sys_role_menu values ('2', '1053');
insert into sys_role_menu values ('2', '1054');
insert into sys_role_menu values ('2', '1055');
insert into sys_role_menu values ('2', '1056');
insert into sys_role_menu values ('2', '1057');
insert into sys_role_menu values ('2', '1058');
insert into sys_role_menu values ('2', '1059');
insert into sys_role_menu values ('2', '1060');


-- ----------------------------
-- 8、角色和部门关联表  角色1-N部门
-- ----------------------------
drop table if exists sys_role_dept;
create table sys_role_dept (
  role_id   bigint(20) not null comment '角色ID',
  dept_id   bigint(20) not null comment '部门ID',
  primary key(role_id, dept_id)
) engine=innodb comment = '角色和部门关联表';

-- ----------------------------
-- 初始化-角色和部门关联表数据
-- ----------------------------
insert into sys_role_dept values ('2', '100');
insert into sys_role_dept values ('2', '101');
insert into sys_role_dept values ('2', '105');


-- ----------------------------
-- 9、用户与岗位关联表  用户1-N岗位
-- ----------------------------
drop table if exists sys_user_post;
create table sys_user_post
(
  user_id   bigint(20) not null comment '用户ID',
  post_id   bigint(20) not null comment '岗位ID',
  primary key (user_id, post_id)
) engine=innodb comment = '用户与岗位关联表';

-- ----------------------------
-- 初始化-用户与岗位关联表数据
-- ----------------------------
insert into sys_user_post values ('1', '1');
insert into sys_user_post values ('2', '2');


-- ----------------------------
-- 10、操作日志记录
-- ----------------------------
drop table if exists sys_oper_log;
create table sys_oper_log (
  oper_id           bigint(20)      not null auto_increment    comment '日志主键',
  title             varchar(50)     default ''                 comment '模块标题',
  business_type     int(2)          default 0                  comment '业务类型（0其它 1新增 2修改 3删除）',
  method            varchar(200)    default ''                 comment '方法名称',
  request_method    varchar(10)     default ''                 comment '请求方式',
  operator_type     int(1)          default 0                  comment '操作类别（0其它 1后台用户 2手机端用户）',
  oper_name         varchar(50)     default ''                 comment '操作人员',
  dept_name         varchar(50)     default ''                 comment '部门名称',
  oper_url          varchar(255)    default ''                 comment '请求URL',
  oper_ip           varchar(128)    default ''                 comment '主机地址',
  oper_location     varchar(255)    default ''                 comment '操作地点',
  oper_param        varchar(2000)   default ''                 comment '请求参数',
  json_result       varchar(2000)   default ''                 comment '返回参数',
  status            int(1)          default 0                  comment '操作状态（0正常 1异常）',
  error_msg         varchar(2000)   default ''                 comment '错误消息',
  oper_time         datetime                                   comment '操作时间',
  cost_time         bigint(20)      default 0                  comment '消耗时间',
  primary key (oper_id),
  key idx_sys_oper_log_bt (business_type),
  key idx_sys_oper_log_s  (status),
  key idx_sys_oper_log_ot (oper_time)
) engine=innodb auto_increment=100 comment = '操作日志记录';


-- ----------------------------
-- 11、字典类型表
-- ----------------------------
drop table if exists sys_dict_type;
create table sys_dict_type
(
  dict_id          bigint(20)      not null auto_increment    comment '字典主键',
  dict_name        varchar(100)    default ''                 comment '字典名称',
  dict_type        varchar(100)    default ''                 comment '字典类型',
  status           char(1)         default '0'                comment '状态（0正常 1停用）',
  create_by        varchar(64)     default ''                 comment '创建者',
  create_time      datetime                                   comment '创建时间',
  update_by        varchar(64)     default ''                 comment '更新者',
  update_time      datetime                                   comment '更新时间',
  remark           varchar(500)    default null               comment '备注',
  primary key (dict_id),
  unique (dict_type)
) engine=innodb auto_increment=100 comment = '字典类型表';

insert into sys_dict_type values(1,  'ユーザー性別', 'sys_user_sex',        '0', 'admin', sysdate(), '', null, 'ユーザー性別リスト');
insert into sys_dict_type values(2,  'メニュー表示状態', 'sys_show_hide',       '0', 'admin', sysdate(), '', null, 'メニュー表示状態リスト');
insert into sys_dict_type values(3,  'システムスイッチ', 'sys_normal_disable',  '0', 'admin', sysdate(), '', null, 'システムスイッチリスト');
insert into sys_dict_type values(4,  'タスクステータス', 'sys_job_status',      '0', 'admin', sysdate(), '', null, 'タスクステータスリスト');
insert into sys_dict_type values(5,  'タスクグループ', 'sys_job_group',       '0', 'admin', sysdate(), '', null, 'タスクグループリスト');
insert into sys_dict_type values(6,  'システム成否', 'sys_yes_no',          '0', 'admin', sysdate(), '', null, 'システム成否リスト');
insert into sys_dict_type values(7,  '通知タイプ', 'sys_notice_type',     '0', 'admin', sysdate(), '', null, '通知タイプリスト');
insert into sys_dict_type values(8,  '通知ステータス', 'sys_notice_status',   '0', 'admin', sysdate(), '', null, '通知ステータスリスト');
insert into sys_dict_type values(9,  '操作类型', 'sys_oper_type',       '0', 'admin', sysdate(), '', null, '操作タイプリスト');
insert into sys_dict_type values(10, 'システムステータス', 'sys_common_status',   '0', 'admin', sysdate(), '', null, 'ログインステータスリスト');


-- ----------------------------
-- 12、字典数据表
-- ----------------------------
drop table if exists sys_dict_data;
create table sys_dict_data
(
  dict_code        bigint(20)      not null auto_increment    comment '字典编码',
  dict_sort        int(4)          default 0                  comment '字典排序',
  dict_label       varchar(100)    default ''                 comment '字典标签',
  dict_value       varchar(100)    default ''                 comment '字典键值',
  dict_type        varchar(100)    default ''                 comment '字典类型',
  css_class        varchar(100)    default null               comment '样式属性（其他样式扩展）',
  list_class       varchar(100)    default null               comment '表格回显样式',
  is_default       char(1)         default 'N'                comment '是否默认（Y是 N否）',
  status           char(1)         default '0'                comment '状态（0正常 1停用）',
  create_by        varchar(64)     default ''                 comment '创建者',
  create_time      datetime                                   comment '创建时间',
  update_by        varchar(64)     default ''                 comment '更新者',
  update_time      datetime                                   comment '更新时间',
  remark           varchar(500)    default null               comment '备注',
  primary key (dict_code)
) engine=innodb auto_increment=100 comment = '字典数据表';

insert into sys_dict_data values(1,  1,  '男',       '0',       'sys_user_sex',        '',   '',        'Y', '0', 'admin', sysdate(), '', null, '男性');
insert into sys_dict_data values(2,  2,  '女',       '1',       'sys_user_sex',        '',   '',        'N', '0', 'admin', sysdate(), '', null, '女性');
insert into sys_dict_data values(3,  3,  '未知',     '2',       'sys_user_sex',        '',   '',        'N', '0', 'admin', sysdate(), '', null, '性別不明');
insert into sys_dict_data values(4,  1,  '表示',     '0',       'sys_show_hide',       '',   'primary', 'Y', '0', 'admin', sysdate(), '', null, 'メニューを表示');
insert into sys_dict_data values(5,  2,  '非表示',     '1',       'sys_show_hide',       '',   'danger',  'N', '0', 'admin', sysdate(), '', null, 'メニューを非表示');
insert into sys_dict_data values(6,  1,  '正常',     '0',       'sys_normal_disable',  '',   'primary', 'Y', '0', 'admin', sysdate(), '', null, '正常ステータス');
insert into sys_dict_data values(7,  2,  '無効',     '1',       'sys_normal_disable',  '',   'danger',  'N', '0', 'admin', sysdate(), '', null, '無効ステータス');
insert into sys_dict_data values(8,  1,  '正常',     '0',       'sys_job_status',      '',   'primary', 'Y', '0', 'admin', sysdate(), '', null, '正常ステータス');
insert into sys_dict_data values(9,  2,  '一时停止',     '1',       'sys_job_status',      '',   'danger',  'N', '0', 'admin', sysdate(), '', null, '一時停止ステータス');
insert into sys_dict_data values(10, 1,  'デフォルト',     'DEFAULT', 'sys_job_group',       '',   '',        'Y', '0', 'admin', sysdate(), '', null, 'デフォルトグループ');
insert into sys_dict_data values(11, 2,  'システム',     'SYSTEM',  'sys_job_group',       '',   '',        'N', '0', 'admin', sysdate(), '', null, 'システムグループ');
insert into sys_dict_data values(12, 1,  'はい',       'Y',       'sys_yes_no',          '',   'primary', 'Y', '0', 'admin', sysdate(), '', null, 'システムデフォルト：はい');
insert into sys_dict_data values(13, 2,  'いいえ',       'N',       'sys_yes_no',          '',   'danger',  'N', '0', 'admin', sysdate(), '', null, 'システムデフォルト：いいえ');
insert into sys_dict_data values(14, 1,  '通知',     '1',       'sys_notice_type',     '',   'warning', 'Y', '0', 'admin', sysdate(), '', null, '通知');
insert into sys_dict_data values(15, 2,  'お知らせ',     '2',       'sys_notice_type',     '',   'success', 'N', '0', 'admin', sysdate(), '', null, 'お知らせ');
insert into sys_dict_data values(16, 1,  '正常',     '0',       'sys_notice_status',   '',   'primary', 'Y', '0', 'admin', sysdate(), '', null, '正常ステータス');
insert into sys_dict_data values(17, 2,  '閉じる',     '1',       'sys_notice_status',   '',   'danger',  'N', '0', 'admin', sysdate(), '', null, '閉じるステータス');
insert into sys_dict_data values(18, 99, 'その他',     '0',       'sys_oper_type',       '',   'info',    'N', '0', 'admin', sysdate(), '', null, 'その他操作');
insert into sys_dict_data values(19, 1,  '新規追加',     '1',       'sys_oper_type',       '',   'info',    'N', '0', 'admin', sysdate(), '', null, '新規追加操作');
insert into sys_dict_data values(20, 2,  '変更',     '2',       'sys_oper_type',       '',   'info',    'N', '0', 'admin', sysdate(), '', null, '変更操作');
insert into sys_dict_data values(21, 3,  '削除',     '3',       'sys_oper_type',       '',   'danger',  'N', '0', 'admin', sysdate(), '', null, '削除操作');
insert into sys_dict_data values(22, 4,  '権限付与',     '4',       'sys_oper_type',       '',   'primary', 'N', '0', 'admin', sysdate(), '', null, '権限付与操作');
insert into sys_dict_data values(23, 5,  'エクスポート',     '5',       'sys_oper_type',       '',   'warning', 'N', '0', 'admin', sysdate(), '', null, 'エクスポート操作');
insert into sys_dict_data values(24, 6,  'インポート',     '6',       'sys_oper_type',       '',   'warning', 'N', '0', 'admin', sysdate(), '', null, 'インポート操作');
insert into sys_dict_data values(25, 7,  '強制ログアウト',     '7',       'sys_oper_type',       '',   'danger',  'N', '0', 'admin', sysdate(), '', null, '強制ログアウト操作');
insert into sys_dict_data values(26, 8,  'コード生成', '8',       'sys_oper_type',       '',   'warning', 'N', '0', 'admin', sysdate(), '', null, 'コード生成操作');
insert into sys_dict_data values(27, 9,  'データクリア', '9',       'sys_oper_type',       '',   'danger',  'N', '0', 'admin', sysdate(), '', null, 'データクリア操作');
insert into sys_dict_data values(28, 1,  '成功',     '0',       'sys_common_status',   '',   'primary', 'N', '0', 'admin', sysdate(), '', null, '正常ステータス');
insert into sys_dict_data values(29, 2,  '失败',     '1',       'sys_common_status',   '',   'danger',  'N', '0', 'admin', sysdate(), '', null, '失敗ステータス');


-- ----------------------------
-- 13、参数配置表
-- ----------------------------
drop table if exists sys_config;
create table sys_config (
  config_id         int(5)          not null auto_increment    comment '参数主键',
  config_name       varchar(100)    default ''                 comment '参数名称',
  config_key        varchar(100)    default ''                 comment '参数键名',
  config_value      varchar(500)    default ''                 comment '参数键值',
  config_type       char(1)         default 'N'                comment '系统内置（Y是 N否）',
  create_by         varchar(64)     default ''                 comment '创建者',
  create_time       datetime                                   comment '创建时间',
  update_by         varchar(64)     default ''                 comment '更新者',
  update_time       datetime                                   comment '更新时间',
  remark            varchar(500)    default null               comment '备注',
  primary key (config_id)
) engine=innodb auto_increment=100 comment = '参数配置表';

insert into sys_config values(1, 'メインフレームページ-デフォルトスキンテーマ名',     'sys.index.skinName',               'skin-blue',     'Y', 'admin', sysdate(), '', null, 'ブルー skin-blue、グリーン skin-green、パープル skin-purple、レッド skin-red、イエロー skin-yellow' );
insert into sys_config values(2, 'ユーザー管理-账号初始密码',         'sys.user.initPassword',            '123456',        'Y', 'admin', sysdate(), '', null, '初期パスワード 123456' );
insert into sys_config values(3, 'メインフレームページ-サイドバーテーマ',           'sys.index.sideTheme',              'theme-dark',    'Y', 'admin', sysdate(), '', null, 'ダークテーマ theme-dark、ライトテーマ theme-light' );
insert into sys_config values(4, 'アカウントセルフサービス-画像認証コードスイッチ',           'sys.account.captchaEnabled',       'true',          'Y', 'admin', sysdate(), '', null, '画像認証コード機能を有効にするか（true有効、false無効）');
insert into sys_config values(5, 'アカウントセルフサービス-ユーザー登録機能を有効にするか', 'sys.account.registerUser',         'false',         'Y', 'admin', sysdate(), '', null, 'ユーザー登録機能を有効にするか（true有効、false無効）');
insert into sys_config values(6, 'ユーザーログイン-ブラックリスト',           'sys.login.blackIPList',            '',              'Y', 'admin', sysdate(), '', null, 'ログインIPブラックリスト制限の設定、複数の一致項目は分号(;)で区切り、ワイルドカード(*)や网络段の指定に対応');
insert into sys_config values(7, 'ユーザー管理-初始密码修改策略',     'sys.account.initPasswordModify',   '1',             'Y', 'admin', sysdate(), '', null, '0：初期パスワード変更ポリシー無効（ヒント表示なし）、1：初期パスワードを変更していない場合、ログイン時にパスワード変更ダイアログでユーザーに通知');
insert into sys_config values(8, 'ユーザー管理-账号密码更新周期',     'sys.account.passwordValidateDays', '0',             'Y', 'admin', sysdate(), '', null, 'パスワード更新周期（数値を入力、デフォルト値の0は制限なし、変更する場合は0より大きく365未満の正の整数）。この周期を超えてシステムにログインすると、ログイン時にパスワード変更ダイアログで変更を促します');


-- ----------------------------
-- 14、系统访问记录
-- ----------------------------
drop table if exists sys_logininfor;
create table sys_logininfor (
  info_id        bigint(20)     not null auto_increment   comment '访问ID',
  user_name      varchar(50)    default ''                comment '用户账号',
  ipaddr         varchar(128)   default ''                comment '登录IP地址',
  login_location varchar(255)   default ''                comment '登录地点',
  browser        varchar(50)    default ''                comment '浏览器类型',
  os             varchar(50)    default ''                comment '操作系统',
  status         char(1)        default '0'               comment '登录状态（0成功 1失败）',
  msg            varchar(255)   default ''                comment '提示消息',
  login_time     datetime                                 comment '访问时间',
  primary key (info_id),
  key idx_sys_logininfor_s  (status),
  key idx_sys_logininfor_lt (login_time)
) engine=innodb auto_increment=100 comment = '系统访问记录';


-- ----------------------------
-- 15、定时任务调度表
-- ----------------------------
drop table if exists sys_job;
create table sys_job (
  job_id              bigint(20)    not null auto_increment    comment '任务ID',
  job_name            varchar(64)   default ''                 comment '任务名称',
  job_group           varchar(64)   default 'DEFAULT'          comment '任务组名',
  invoke_target       varchar(500)  not null                   comment '调用目标字符串',
  cron_expression     varchar(255)  default ''                 comment 'cron执行表达式',
  misfire_policy      varchar(20)   default '3'                comment '计划执行错误策略（1立即执行 2执行一次 3放弃执行）',
  concurrent          char(1)       default '1'                comment '是否并发执行（0允许 1禁止）',
  status              char(1)       default '0'                comment '状态（0正常 1暂停）',
  create_by           varchar(64)   default ''                 comment '创建者',
  create_time         datetime                                 comment '创建时间',
  update_by           varchar(64)   default ''                 comment '更新者',
  update_time       datetime                                   comment '更新时间',
  remark              varchar(500)  default ''                 comment '备注信息',
  primary key (job_id, job_name, job_group)
) engine=innodb auto_increment=100 comment = '定时任务调度表';

insert into sys_job values(1, 'システムデフォルト（パラメータなし）', 'DEFAULT', 'ryTask.ryNoParams',        '0/10 * * * * ?', '3', '1', '1', 'admin', sysdate(), '', null, '');
insert into sys_job values(2, 'システムデフォルト（パラメータあり）', 'DEFAULT', 'ryTask.ryParams(\'ry\')',  '0/15 * * * * ?', '3', '1', '1', 'admin', sysdate(), '', null, '');
insert into sys_job values(3, 'システムデフォルト（複数パラメータあり）', 'DEFAULT', 'ryTask.ryMultipleParams(\'ry\', true, 2000L, 316.50D, 100)',  '0/20 * * * * ?', '3', '1', '1', 'admin', sysdate(), '', null, '');


-- ----------------------------
-- 16、定时任务调度日志表
-- ----------------------------
drop table if exists sys_job_log;
create table sys_job_log (
  job_log_id          bigint(20)     not null auto_increment    comment '任务日志ID',
  job_name            varchar(64)    not null                   comment '任务名称',
  job_group           varchar(64)    not null                   comment '任务组名',
  invoke_target       varchar(500)   not null                   comment '调用目标字符串',
  job_message         varchar(500)                              comment '日志信息',
  status              char(1)        default '0'                comment '执行状态（0正常 1失败）',
  exception_info      varchar(2000)  default ''                 comment '异常信息',
  start_time          datetime                                  comment '执行开始时间',
  end_time            datetime                                  comment '执行结束时间',
  create_time         datetime                                  comment '创建时间',
  primary key (job_log_id)
) engine=innodb comment = '定时任务调度日志表';


-- ----------------------------
-- 17、通知公告表
-- ----------------------------
drop table if exists sys_notice;
create table sys_notice (
  notice_id         int(4)          not null auto_increment    comment '公告ID',
  notice_title      varchar(50)     not null                   comment '公告标题',
  notice_type       char(1)         not null                   comment '公告类型（1通知 2公告）',
  notice_content    longblob        default null               comment '公告内容',
  status            char(1)         default '0'                comment '公告状态（0正常 1关闭）',
  create_by         varchar(64)     default ''                 comment '创建者',
  create_time       datetime                                   comment '创建时间',
  update_by         varchar(64)     default ''                 comment '更新者',
  update_time       datetime                                   comment '更新时间',
  remark            varchar(255)    default null               comment '备注',
  primary key (notice_id)
) engine=innodb auto_increment=10 comment = '通知公告表';

-- ----------------------------
-- 初始化-公告信息表数据
-- ----------------------------
insert into sys_notice values('1', 'お知らせ：2018-07-01 Assignmentの新バージョンがリリースされました！', '2', '新バージョンの内容', '0', 'admin', sysdate(), '', null, '管理者');
insert into sys_notice values('2', 'メンテナンス通知：2018-07-01 Assignmentシステムは深夜にメンテナンスを実施します', '1', '维护内容',   '0', 'admin', sysdate(), '', null, '管理者');
insert into sys_notice values('3', 'Assignmentオープンソースフレームワーク紹介', '1', '<p><span style=\"color: rgb(230, 0, 0);\">プロジェクト紹介</span></p><p><font color=\"#333333\">Assignmentオープンソースプロジェクトは、企业ユーザー向けにカスタマイズされたバックエンド管理フレームワークであり、企業向けにワンストップソリューションを提供し、企業の開発コスト削減と開発効率の向上に貢献します。主に、ユーザー管理、ロール管理、部门管理、メニュー管理、パラメータ設定、辞書管理、</font><span style=\"color: rgb(51, 51, 51);\">役職管理</span><span style=\"color: rgb(51, 51, 51);\">、スケジュールタスク</span><span style=\"color: rgb(51, 51, 51);\">、</span><span style=\"color: rgb(51, 51, 51);\">サービス監視、ログインログ、操作ログ、コード生成などの機能を備えています。また、複数データソース、数据权限、国際化、Redisキャッシュ、Dockerデプロイ、スライド検証コード、サードパーティログイン認証、分散トランザクション、</span><font color=\"#333333\">分散ファイルストレージ</font><span style=\"color: rgb(51, 51, 51);\">、DB分割・テーブル分割処理などの技術的特徴もサポートしています。</span></p><p><img src=\"https://foruda.gitee.com/images/1773931848342439032/a4d22313_1815095.png\" style=\"width: 64px;\"><br></p><p><span style=\"color: rgb(230, 0, 0);\">公式サイトおよびデモ</span></p><p><span style=\"color: rgb(51, 51, 51);\">Assignment公式サイトURL：&nbsp;</span><a href=\"http://assignment.vip\" target=\"_blank\">http://assignment.vip</a><a href=\"http://assignment.vip\" target=\"_blank\"></a></p><p><span style=\"color: rgb(51, 51, 51);\">AssignmentドキュメントURL：&nbsp;</span><a href=\"http://doc.assignment.vip\" target=\"_blank\">http://doc.assignment.vip</a><br></p><p><span style=\"color: rgb(51, 51, 51);\">デモURL【非分離版】：&nbsp;</span><a href=\"http://demo.assignment.vip\" target=\"_blank\">http://demo.assignment.vip</a></p><p><span style=\"color: rgb(51, 51, 51);\">デモURL【分離版】：&nbsp;</span><a href=\"http://vue.assignment.vip\" target=\"_blank\">http://vue.assignment.vip</a></p><p><span style=\"color: rgb(51, 51, 51);\">デモURL【マイクロサービス版】：&nbsp;</span><a href=\"http://cloud.assignment.vip\" target=\"_blank\">http://cloud.assignment.vip</a></p><p><span style=\"color: rgb(51, 51, 51);\">デモURL【モバイル版】：&nbsp;</span><a href=\"http://h5.assignment.vip\" target=\"_blank\">http://h5.assignment.vip</a></p><p><br style=\"color: rgb(48, 49, 51); font-family: &quot;Helvetica Neue&quot;, Helvetica, Arial, sans-serif; font-size: 12px;\"></p>', '0', 'admin', sysdate(), '', null, '管理者');


-- ----------------------------
-- 18、公告已读记录表
-- ----------------------------
drop table if exists sys_notice_read;
create table sys_notice_read (
  read_id          bigint(20)       not null auto_increment    comment '已读主键',
  notice_id        int(4)           not null                   comment '公告id',
  user_id          bigint(20)       not null                   comment '用户id',
  read_time        datetime         not null                   comment '阅读时间',
  primary key (read_id),
  unique key uk_user_notice (user_id, notice_id)   comment '同一用户同一公告只记录一次'
) engine=innodb auto_increment=1 comment='公告已读记录表';


-- ----------------------------
-- 19、代码生成业务表
-- ----------------------------
drop table if exists gen_table;
create table gen_table (
  table_id          bigint(20)      not null auto_increment    comment '编号',
  table_name        varchar(200)    default ''                 comment '表名称',
  table_comment     varchar(500)    default ''                 comment '表描述',
  sub_table_name    varchar(64)     default null               comment '关联子表的表名',
  sub_table_fk_name varchar(64)     default null               comment '子表关联的外键名',
  class_name        varchar(100)    default ''                 comment '实体类名称',
  tpl_category      varchar(200)    default 'crud'             comment '使用的模板（crud单表操作 tree树表操作）',
  tpl_web_type      varchar(30)     default ''                 comment '前端模板类型（element-ui模版 element-plus模版）',
  package_name      varchar(100)                               comment '生成包路径',
  module_name       varchar(30)                                comment '生成模块名',
  business_name     varchar(30)                                comment '生成业务名',
  function_name     varchar(50)                                comment '生成功能名',
  function_author   varchar(50)                                comment '生成功能作者',
  gen_type          char(1)         default '0'                comment '生成代码方式（0zip压缩包 1自定义路径）',
  gen_path          varchar(200)    default '/'                comment '生成路径（不填默认项目路径）',
  options           varchar(1000)                              comment '其它生成选项',
  create_by         varchar(64)     default ''                 comment '创建者',
  create_time 	    datetime                                   comment '创建时间',
  update_by         varchar(64)     default ''                 comment '更新者',
  update_time       datetime                                   comment '更新时间',
  remark            varchar(500)    default null               comment '备注',
  primary key (table_id)
) engine=innodb auto_increment=1 comment = '代码生成业务表';


-- ----------------------------
-- 20、代码生成业务表字段
-- ----------------------------
drop table if exists gen_table_column;
create table gen_table_column (
  column_id         bigint(20)      not null auto_increment    comment '编号',
  table_id          bigint(20)                                 comment '归属表编号',
  column_name       varchar(200)                               comment '列名称',
  column_comment    varchar(500)                               comment '列描述',
  column_type       varchar(100)                               comment '列类型',
  java_type         varchar(500)                               comment 'JAVA类型',
  java_field        varchar(200)                               comment 'JAVA字段名',
  is_pk             char(1)                                    comment '是否主键（1是）',
  is_increment      char(1)                                    comment '是否自增（1是）',
  is_required       char(1)                                    comment '是否必填（1是）',
  is_insert         char(1)                                    comment '是否为插入字段（1是）',
  is_edit           char(1)                                    comment '是否编辑字段（1是）',
  is_list           char(1)                                    comment '是否列表字段（1是）',
  is_query          char(1)                                    comment '是否查询字段（1是）',
  query_type        varchar(200)    default 'EQ'               comment '查询方式（等于、不等于、大于、小于、范围）',
  html_type         varchar(200)                               comment '显示类型（文本框、文本域、下拉框、复选框、单选框、日期控件）',
  dict_type         varchar(200)    default ''                 comment '字典类型',
  sort              int                                        comment '排序',
  create_by         varchar(64)     default ''                 comment '创建者',
  create_time 	    datetime                                   comment '创建时间',
  update_by         varchar(64)     default ''                 comment '更新者',
  update_time       datetime                                   comment '更新时间',
  primary key (column_id)
) engine=innodb auto_increment=1 comment = '代码生成业务表字段';